page,figma_base_name,local_filename,path,duplicate_sequence,original_path,alt
index.html,T_Logo_Dark 1,T_Logo_Dark 1.png,assets/images/index/T_Logo_Dark 1.png,,assets/images/index/T_Logo_Dark 1.png,Talentika
index.html,Platform_Icons 1,Platform_Icons 1.png,assets/images/index/Platform_Icons 1.png,,assets/images/index/Platform_Icons 1.png,GCC platform icon
index.html,Platform_Icons-1 1,Platform_Icons-1 1.png,assets/images/index/Platform_Icons-1 1.png,,assets/images/index/Platform_Icons-1 1.png,Talent platform icon
index.html,Platform_Icons-2 1,Platform_Icons-2 1.png,assets/images/index/Platform_Icons-2 1.png,,assets/images/index/Platform_Icons-2 1.png,Digital transformation icon
index.html,Element icon GCC 1,Element icon GCC 1.png,assets/images/index/Element icon GCC 1.png,,assets/images/index/Element icon GCC 1.png,Global Capability Center icon
index.html,Element icon RPO 1,Element icon RPO 1.png,assets/images/index/Element icon RPO 1.png,,assets/images/index/Element icon RPO 1.png,Recruitment process outsourcing icon
index.html,Element icon AI 1,Element icon AI 1.png,assets/images/index/Element icon AI 1.png,,assets/images/index/Element icon AI 1.png,AI and digital transformation icon
index.html,Core values image,Core values image.png,assets/images/index/Core values image.png,,assets/images/index/Core values image.png,AI at our core visualization from the Figma design
index.html,Property 1=FNX,Property 1=FNX.svg,assets/images/index/Property 1=FNX.svg,,assets/images/index/Property 1=FNX.svg,FNX logo
index.html,Case_Study_Logo,Case_Study_Logo-01.svg,assets/images/index/Case_Study_Logo-01.svg,1,assets/images/index/Case_Study_Logo.svg,Case study client logo
index.html,Case_Study_Logo,Case_Study_Logo-02.svg,assets/images/index/Case_Study_Logo-02.svg,2,assets/images/index/duplicate-02/Case_Study_Logo.svg,Case study client logo
index.html,T_Logo_Light 1,T_Logo_Light 1.png,assets/images/index/T_Logo_Light 1.png,,assets/images/index/T_Logo_Light 1.png,Talentika
index.html,GCC_Icon_1 1,GCC_Icon_1 1.png,assets/images/index/GCC_Icon_1 1.png,,assets/images/index/GCC_Icon_1 1.png,GCC
index.html,RPO_Icon_1 1,RPO_Icon_1 1.png,assets/images/index/RPO_Icon_1 1.png,,assets/images/index/RPO_Icon_1 1.png,RPO
index.html,AI_Icon_1 1,AI_Icon_1 1.png,assets/images/index/AI_Icon_1 1.png,,assets/images/index/AI_Icon_1 1.png,AI
index.html,instagram 1,instagram 1.png,assets/images/index/instagram 1.png,,assets/images/index/instagram 1.png,Instagram
index.html,LinkedIn 1,LinkedIn 1.png,assets/images/index/LinkedIn 1.png,,assets/images/index/LinkedIn 1.png,LinkedIn
index.html,Facebook 1,Facebook 1.png,assets/images/index/Facebook 1.png,,assets/images/index/Facebook 1.png,Facebook
index.html,X 1,X 1.png,assets/images/index/X 1.png,,assets/images/index/X 1.png,X
index.html,Deebug_Logo 1,Deebug_Logo 1.png,assets/images/index/Deebug_Logo 1.png,,assets/images/index/Deebug_Logo 1.png,Deebug
index.html,GCC_Mixer_Logo 2,GCC_Mixer_Logo 2.png,assets/images/index/GCC_Mixer_Logo 2.png,,assets/images/index/GCC_Mixer_Logo 2.png,GCC Mixer
index.html,AI_Base_Camp_Logo 2,AI_Base_Camp_Logo 2.png,assets/images/index/AI_Base_Camp_Logo 2.png,,assets/images/index/AI_Base_Camp_Logo 2.png,AI Basecamp
index.html,Layer_3,Layer_3.svg,assets/images/index/Layer_3.svg,,assets/images/index/Layer_3.svg,
gcc.html,T_Logo_Dark 1,T_Logo_Dark 1.png,assets/images/gcc/T_Logo_Dark 1.png,,assets/images/gcc/T_Logo_Dark 1.png,Talentika
gcc.html,Layer_1,Layer_1.svg,assets/images/gcc/Layer_1.svg,,assets/images/gcc/Layer_1.svg,
gcc.html,“,“.svg,assets/images/gcc/“.svg,,assets/images/gcc/“.svg,
gcc.html,Core Framework Visual,Core Framework Visual.png,assets/images/gcc/Core Framework Visual.png,,assets/images/gcc/Core Framework Visual.png,GCC operational framework visual
gcc.html,Rectangle 11,Rectangle 11.png,assets/images/gcc/Rectangle 11.png,,assets/images/gcc/Rectangle 11.png,
gcc.html,T_Logo_Light 1,T_Logo_Light 1.png,assets/images/gcc/T_Logo_Light 1.png,,assets/images/gcc/T_Logo_Light 1.png,Talentika
gcc.html,GCC_Icon_1 1,GCC_Icon_1 1.png,assets/images/gcc/GCC_Icon_1 1.png,,assets/images/gcc/GCC_Icon_1 1.png,GCC
gcc.html,RPO_Icon_1 1,RPO_Icon_1 1.png,assets/images/gcc/RPO_Icon_1 1.png,,assets/images/gcc/RPO_Icon_1 1.png,RPO
gcc.html,AI_Icon_1 1,AI_Icon_1 1.png,assets/images/gcc/AI_Icon_1 1.png,,assets/images/gcc/AI_Icon_1 1.png,AI
gcc.html,instagram 1,instagram 1.png,assets/images/gcc/instagram 1.png,,assets/images/gcc/instagram 1.png,Instagram
gcc.html,LinkedIn 1,LinkedIn 1.png,assets/images/gcc/LinkedIn 1.png,,assets/images/gcc/LinkedIn 1.png,LinkedIn
gcc.html,Facebook 1,Facebook 1.png,assets/images/gcc/Facebook 1.png,,assets/images/gcc/Facebook 1.png,Facebook
gcc.html,X 1,X 1.png,assets/images/gcc/X 1.png,,assets/images/gcc/X 1.png,X
gcc.html,Deebug_Logo 1,Deebug_Logo 1.png,assets/images/gcc/Deebug_Logo 1.png,,assets/images/gcc/Deebug_Logo 1.png,Deebug
gcc.html,GCC_Mixer_Logo 2,GCC_Mixer_Logo 2.png,assets/images/gcc/GCC_Mixer_Logo 2.png,,assets/images/gcc/GCC_Mixer_Logo 2.png,GCC Mixer
gcc.html,AI_Base_Camp_Logo 2,AI_Base_Camp_Logo 2.png,assets/images/gcc/AI_Base_Camp_Logo 2.png,,assets/images/gcc/AI_Base_Camp_Logo 2.png,AI Basecamp
gcc.html,Layer_3,Layer_3.svg,assets/images/gcc/Layer_3.svg,,assets/images/gcc/Layer_3.svg,
rpo.html,T_Logo_Dark 1,T_Logo_Dark 1.png,assets/images/rpo/T_Logo_Dark 1.png,,assets/images/rpo/T_Logo_Dark 1.png,Talentika
rpo.html,Layer_1,Layer_1.svg,assets/images/rpo/Layer_1.svg,,assets/images/rpo/Layer_1.svg,
rpo.html,charger,charger.svg,assets/images/rpo/charger.svg,,assets/images/rpo/charger.svg,
rpo.html,method-card,method-card-01.png,assets/images/rpo/method-card-01.png,1,assets/images/rpo/method-card.png,
rpo.html,method-card,method-card-02.png,assets/images/rpo/method-card-02.png,2,assets/images/rpo/duplicate-02/method-card.png,
rpo.html,method-card,method-card-03.png,assets/images/rpo/method-card-03.png,3,assets/images/rpo/duplicate-03/method-card.png,
rpo.html,Rectangle 11,Rectangle 11.png,assets/images/rpo/Rectangle 11.png,,assets/images/rpo/Rectangle 11.png,
rpo.html,Rectangle 12,Rectangle 12.png,assets/images/rpo/Rectangle 12.png,,assets/images/rpo/Rectangle 12.png,
rpo.html,Rectangle 13,Rectangle 13.png,assets/images/rpo/Rectangle 13.png,,assets/images/rpo/Rectangle 13.png,
rpo.html,“,“.svg,assets/images/rpo/“.svg,,assets/images/rpo/“.svg,
rpo.html,Rectangle 35,Rectangle 35.png,assets/images/rpo/Rectangle 35.png,,assets/images/rpo/Rectangle 35.png,
rpo.html,Rectangle 34,Rectangle 34.png,assets/images/rpo/Rectangle 34.png,,assets/images/rpo/Rectangle 34.png,
rpo.html,T_Logo_Light 1,T_Logo_Light 1.png,assets/images/rpo/T_Logo_Light 1.png,,assets/images/rpo/T_Logo_Light 1.png,Talentika
rpo.html,GCC_Icon_1 1,GCC_Icon_1 1.png,assets/images/rpo/GCC_Icon_1 1.png,,assets/images/rpo/GCC_Icon_1 1.png,GCC
rpo.html,RPO_Icon_1 1,RPO_Icon_1 1.png,assets/images/rpo/RPO_Icon_1 1.png,,assets/images/rpo/RPO_Icon_1 1.png,RPO
rpo.html,AI_Icon_1 1,AI_Icon_1 1.png,assets/images/rpo/AI_Icon_1 1.png,,assets/images/rpo/AI_Icon_1 1.png,AI
rpo.html,instagram 1,instagram 1.png,assets/images/rpo/instagram 1.png,,assets/images/rpo/instagram 1.png,Instagram
rpo.html,LinkedIn 1,LinkedIn 1.png,assets/images/rpo/LinkedIn 1.png,,assets/images/rpo/LinkedIn 1.png,LinkedIn
rpo.html,Facebook 1,Facebook 1.png,assets/images/rpo/Facebook 1.png,,assets/images/rpo/Facebook 1.png,Facebook
rpo.html,X 1,X 1.png,assets/images/rpo/X 1.png,,assets/images/rpo/X 1.png,X
rpo.html,Deebug_Logo 1,Deebug_Logo 1.png,assets/images/rpo/Deebug_Logo 1.png,,assets/images/rpo/Deebug_Logo 1.png,Deebug
rpo.html,GCC_Mixer_Logo 2,GCC_Mixer_Logo 2.png,assets/images/rpo/GCC_Mixer_Logo 2.png,,assets/images/rpo/GCC_Mixer_Logo 2.png,GCC Mixer
rpo.html,AI_Base_Camp_Logo 2,AI_Base_Camp_Logo 2.png,assets/images/rpo/AI_Base_Camp_Logo 2.png,,assets/images/rpo/AI_Base_Camp_Logo 2.png,AI Basecamp
rpo.html,Layer_3,Layer_3.svg,assets/images/rpo/Layer_3.svg,,assets/images/rpo/Layer_3.svg,
aidigital.html,T_Logo_Dark 1,T_Logo_Dark 1.png,assets/images/aidigital/T_Logo_Dark 1.png,,assets/images/aidigital/T_Logo_Dark 1.png,Talentika
aidigital.html,Layer_1,Layer_1.svg,assets/images/aidigital/Layer_1.svg,,assets/images/aidigital/Layer_1.svg,
aidigital.html,charger,charger.svg,assets/images/aidigital/charger.svg,,assets/images/aidigital/charger.svg,
aidigital.html,Capability Media 1,Capability Media 1.png,assets/images/aidigital/Capability Media 1.png,,assets/images/aidigital/Capability Media 1.png,
aidigital.html,Capability Media 2,Capability Media 2.png,assets/images/aidigital/Capability Media 2.png,,assets/images/aidigital/Capability Media 2.png,
aidigital.html,Capability Media 3,Capability Media 3.png,assets/images/aidigital/Capability Media 3.png,,assets/images/aidigital/Capability Media 3.png,
aidigital.html,T_Logo_Light 1,T_Logo_Light 1.png,assets/images/aidigital/T_Logo_Light 1.png,,assets/images/aidigital/T_Logo_Light 1.png,Talentika
aidigital.html,GCC_Icon_1 1,GCC_Icon_1 1.png,assets/images/aidigital/GCC_Icon_1 1.png,,assets/images/aidigital/GCC_Icon_1 1.png,GCC
aidigital.html,RPO_Icon_1 1,RPO_Icon_1 1.png,assets/images/aidigital/RPO_Icon_1 1.png,,assets/images/aidigital/RPO_Icon_1 1.png,RPO
aidigital.html,AI_Icon_1 1,AI_Icon_1 1.png,assets/images/aidigital/AI_Icon_1 1.png,,assets/images/aidigital/AI_Icon_1 1.png,AI
aidigital.html,instagram 1,instagram 1.png,assets/images/aidigital/instagram 1.png,,assets/images/aidigital/instagram 1.png,Instagram
aidigital.html,LinkedIn 1,LinkedIn 1.png,assets/images/aidigital/LinkedIn 1.png,,assets/images/aidigital/LinkedIn 1.png,LinkedIn
aidigital.html,Facebook 1,Facebook 1.png,assets/images/aidigital/Facebook 1.png,,assets/images/aidigital/Facebook 1.png,Facebook
aidigital.html,X 1,X 1.png,assets/images/aidigital/X 1.png,,assets/images/aidigital/X 1.png,X
aidigital.html,Deebug_Logo 1,Deebug_Logo 1.png,assets/images/aidigital/Deebug_Logo 1.png,,assets/images/aidigital/Deebug_Logo 1.png,Deebug
aidigital.html,GCC_Mixer_Logo 2,GCC_Mixer_Logo 2.png,assets/images/aidigital/GCC_Mixer_Logo 2.png,,assets/images/aidigital/GCC_Mixer_Logo 2.png,GCC Mixer
aidigital.html,AI_Base_Camp_Logo 2,AI_Base_Camp_Logo 2.png,assets/images/aidigital/AI_Base_Camp_Logo 2.png,,assets/images/aidigital/AI_Base_Camp_Logo 2.png,AI Basecamp
aidigital.html,Layer_3,Layer_3.svg,assets/images/aidigital/Layer_3.svg,,assets/images/aidigital/Layer_3.svg,
aboutus.html,T_Logo_Dark 1,T_Logo_Dark 1.png,assets/images/aboutus/T_Logo_Dark 1.png,,assets/images/aboutus/T_Logo_Dark 1.png,Talentika
aboutus.html,Frame 162,Frame 162.svg,assets/images/aboutus/Frame 162.svg,,assets/images/aboutus/Frame 162.svg,
aboutus.html,Rectangle 36,Rectangle 36-01.png,assets/images/aboutus/Rectangle 36-01.png,1,assets/images/aboutus/Rectangle 36.png,Talentika early journey
aboutus.html,Rectangle 37,Rectangle 37-01.png,assets/images/aboutus/Rectangle 37-01.png,1,assets/images/aboutus/Rectangle 37.png,Talentika global expansion
aboutus.html,Rectangle 36,Rectangle 36-02.png,assets/images/aboutus/Rectangle 36-02.png,2,assets/images/aboutus/duplicate-02/Rectangle 36.png,Talentika enterprise delivery milestone
aboutus.html,Rectangle 37,Rectangle 37-02.png,assets/images/aboutus/Rectangle 37-02.png,2,assets/images/aboutus/duplicate-02/Rectangle 37.png,Talentika global delivery network today
aboutus.html,Arrow,Arrow.svg,assets/images/aboutus/Arrow.svg,,assets/images/aboutus/Arrow.svg,
aboutus.html,Rectangle 38,Rectangle 38.png,assets/images/aboutus/Rectangle 38.png,,assets/images/aboutus/Rectangle 38.png,Lalit J
aboutus.html,LinkedIn,LinkedIn-01.svg,assets/images/aboutus/LinkedIn-01.svg,1,assets/images/aboutus/LinkedIn.svg,
aboutus.html,X,X-01.svg,assets/images/aboutus/X-01.svg,1,assets/images/aboutus/X.svg,
aboutus.html,Rectangle 39,Rectangle 39.png,assets/images/aboutus/Rectangle 39.png,,assets/images/aboutus/Rectangle 39.png,Pranjali Pol
aboutus.html,LinkedIn,LinkedIn-02.svg,assets/images/aboutus/LinkedIn-02.svg,2,assets/images/aboutus/duplicate-02/LinkedIn.svg,
aboutus.html,X,X-02.svg,assets/images/aboutus/X-02.svg,2,assets/images/aboutus/duplicate-02/X.svg,
aboutus.html,Rectangle 40,Rectangle 40.png,assets/images/aboutus/Rectangle 40.png,,assets/images/aboutus/Rectangle 40.png,Stanley George
aboutus.html,LinkedIn,LinkedIn-03.svg,assets/images/aboutus/LinkedIn-03.svg,3,assets/images/aboutus/duplicate-03/LinkedIn.svg,
aboutus.html,X,X-03.svg,assets/images/aboutus/X-03.svg,3,assets/images/aboutus/duplicate-03/X.svg,
aboutus.html,Rectangle 41,Rectangle 41.png,assets/images/aboutus/Rectangle 41.png,,assets/images/aboutus/Rectangle 41.png,Abhishek Jain
aboutus.html,LinkedIn,LinkedIn-04.svg,assets/images/aboutus/LinkedIn-04.svg,4,assets/images/aboutus/duplicate-04/LinkedIn.svg,
aboutus.html,X,X-04.svg,assets/images/aboutus/X-04.svg,4,assets/images/aboutus/duplicate-04/X.svg,
aboutus.html,Rectangle 42,Rectangle 42.png,assets/images/aboutus/Rectangle 42.png,,assets/images/aboutus/Rectangle 42.png,Jayaditya Giri
aboutus.html,LinkedIn,LinkedIn-05.svg,assets/images/aboutus/LinkedIn-05.svg,5,assets/images/aboutus/duplicate-05/LinkedIn.svg,
aboutus.html,X,X-05.svg,assets/images/aboutus/X-05.svg,5,assets/images/aboutus/duplicate-05/X.svg,
aboutus.html,Rectangle 43,Rectangle 43.png,assets/images/aboutus/Rectangle 43.png,,assets/images/aboutus/Rectangle 43.png,Gaurav Verma
aboutus.html,LinkedIn,LinkedIn-06.svg,assets/images/aboutus/LinkedIn-06.svg,6,assets/images/aboutus/duplicate-06/LinkedIn.svg,
aboutus.html,X,X-06.svg,assets/images/aboutus/X-06.svg,6,assets/images/aboutus/duplicate-06/X.svg,
aboutus.html,Rectangle 44,Rectangle 44.png,assets/images/aboutus/Rectangle 44.png,,assets/images/aboutus/Rectangle 44.png,Sucheta Joglekar Phatak
aboutus.html,LinkedIn,LinkedIn-07.svg,assets/images/aboutus/LinkedIn-07.svg,7,assets/images/aboutus/duplicate-07/LinkedIn.svg,
aboutus.html,X,X-07.svg,assets/images/aboutus/X-07.svg,7,assets/images/aboutus/duplicate-07/X.svg,
aboutus.html,Rectangle 45,Rectangle 45.png,assets/images/aboutus/Rectangle 45.png,,assets/images/aboutus/Rectangle 45.png,Akash Surekha
aboutus.html,LinkedIn,LinkedIn-08.svg,assets/images/aboutus/LinkedIn-08.svg,8,assets/images/aboutus/duplicate-08/LinkedIn.svg,
aboutus.html,X,X-08.svg,assets/images/aboutus/X-08.svg,8,assets/images/aboutus/duplicate-08/X.svg,
aboutus.html,Rectangle 46,Rectangle 46.png,assets/images/aboutus/Rectangle 46.png,,assets/images/aboutus/Rectangle 46.png,Rajat Rana
aboutus.html,LinkedIn,LinkedIn-09.svg,assets/images/aboutus/LinkedIn-09.svg,9,assets/images/aboutus/duplicate-09/LinkedIn.svg,
aboutus.html,X,X-09.svg,assets/images/aboutus/X-09.svg,9,assets/images/aboutus/duplicate-09/X.svg,
aboutus.html,Rectangle 47,Rectangle 47.png,assets/images/aboutus/Rectangle 47.png,,assets/images/aboutus/Rectangle 47.png,Pratyush Nandkeolyaar
aboutus.html,LinkedIn,LinkedIn-10.svg,assets/images/aboutus/LinkedIn-10.svg,10,assets/images/aboutus/duplicate-10/LinkedIn.svg,
aboutus.html,X,X-10.svg,assets/images/aboutus/X-10.svg,10,assets/images/aboutus/duplicate-10/X.svg,
aboutus.html,Rectangle 48,Rectangle 48.png,assets/images/aboutus/Rectangle 48.png,,assets/images/aboutus/Rectangle 48.png,Shashank Bhushan
aboutus.html,LinkedIn,LinkedIn-11.svg,assets/images/aboutus/LinkedIn-11.svg,11,assets/images/aboutus/duplicate-11/LinkedIn.svg,
aboutus.html,X,X-11.svg,assets/images/aboutus/X-11.svg,11,assets/images/aboutus/duplicate-11/X.svg,
aboutus.html,Rectangle 49,Rectangle 49.png,assets/images/aboutus/Rectangle 49.png,,assets/images/aboutus/Rectangle 49.png,Mario Biscocho
aboutus.html,LinkedIn,LinkedIn-12.svg,assets/images/aboutus/LinkedIn-12.svg,12,assets/images/aboutus/duplicate-12/LinkedIn.svg,
aboutus.html,X,X-12.svg,assets/images/aboutus/X-12.svg,12,assets/images/aboutus/duplicate-12/X.svg,
aboutus.html,Rectangle 36,Rectangle 36-03.png,assets/images/aboutus/Rectangle 36-03.png,3,assets/images/aboutus/duplicate-03/Rectangle 36.png,"Pune, India"
aboutus.html,Rectangle 50,Rectangle 50.png,assets/images/aboutus/Rectangle 50.png,,assets/images/aboutus/Rectangle 50.png,"California, USA"
aboutus.html,Rectangle 51,Rectangle 51.png,assets/images/aboutus/Rectangle 51.png,,assets/images/aboutus/Rectangle 51.png,"Bratislava, Slovakia"
aboutus.html,Rectangle 52,Rectangle 52.png,assets/images/aboutus/Rectangle 52.png,,assets/images/aboutus/Rectangle 52.png,"Dublin, Ireland"
aboutus.html,Rectangle 53,Rectangle 53.png,assets/images/aboutus/Rectangle 53.png,,assets/images/aboutus/Rectangle 53.png,"Manchester, United Kingdom"
aboutus.html,Rectangle 54,Rectangle 54.png,assets/images/aboutus/Rectangle 54.png,,assets/images/aboutus/Rectangle 54.png,"Madrid, Sweden"
aboutus.html,T_Logo_Light 1,T_Logo_Light 1.png,assets/images/aboutus/T_Logo_Light 1.png,,assets/images/aboutus/T_Logo_Light 1.png,Talentika
aboutus.html,GCC_Icon_1 1,GCC_Icon_1 1.png,assets/images/aboutus/GCC_Icon_1 1.png,,assets/images/aboutus/GCC_Icon_1 1.png,GCC
aboutus.html,RPO_Icon_1 1,RPO_Icon_1 1.png,assets/images/aboutus/RPO_Icon_1 1.png,,assets/images/aboutus/RPO_Icon_1 1.png,RPO
aboutus.html,AI_Icon_1 1,AI_Icon_1 1.png,assets/images/aboutus/AI_Icon_1 1.png,,assets/images/aboutus/AI_Icon_1 1.png,AI
aboutus.html,instagram 1,instagram 1.png,assets/images/aboutus/instagram 1.png,,assets/images/aboutus/instagram 1.png,Instagram
aboutus.html,LinkedIn 1,LinkedIn 1.png,assets/images/aboutus/LinkedIn 1.png,,assets/images/aboutus/LinkedIn 1.png,LinkedIn
aboutus.html,Facebook 1,Facebook 1.png,assets/images/aboutus/Facebook 1.png,,assets/images/aboutus/Facebook 1.png,Facebook
aboutus.html,X 1,X 1.png,assets/images/aboutus/X 1.png,,assets/images/aboutus/X 1.png,X
aboutus.html,Deebug_Logo 1,Deebug_Logo 1.png,assets/images/aboutus/Deebug_Logo 1.png,,assets/images/aboutus/Deebug_Logo 1.png,Deebug
aboutus.html,GCC_Mixer_Logo 2,GCC_Mixer_Logo 2.png,assets/images/aboutus/GCC_Mixer_Logo 2.png,,assets/images/aboutus/GCC_Mixer_Logo 2.png,GCC Mixer
aboutus.html,AI_Base_Camp_Logo 2,AI_Base_Camp_Logo 2.png,assets/images/aboutus/AI_Base_Camp_Logo 2.png,,assets/images/aboutus/AI_Base_Camp_Logo 2.png,AI Basecamp
aboutus.html,Layer_3,Layer_3.svg,assets/images/aboutus/Layer_3.svg,,assets/images/aboutus/Layer_3.svg,
contactus.html,T_Logo_Dark 1,T_Logo_Dark 1.png,assets/images/contactus/T_Logo_Dark 1.png,,assets/images/contactus/T_Logo_Dark 1.png,Talentika
contactus.html,arrow-right,arrow-right-01.svg,assets/images/contactus/arrow-right-01.svg,1,assets/images/contactus/arrow-right.svg,
contactus.html,arrow-right,arrow-right-02.svg,assets/images/contactus/arrow-right-02.svg,2,assets/images/contactus/duplicate-02/arrow-right.svg,
contactus.html,Office_Photo,Office_Photo.png,assets/images/contactus/Office_Photo.png,,assets/images/contactus/Office_Photo.png,Talentika office
contactus.html,Map,Map.svg,assets/images/contactus/Map.svg,,assets/images/contactus/Map.svg,World map showing Talentika locations
contactus.html,Indicator,Indicator-01.svg,assets/images/contactus/Indicator-01.svg,1,assets/images/contactus/Indicator.svg,
contactus.html,Indicator,Indicator-02.svg,assets/images/contactus/Indicator-02.svg,2,assets/images/contactus/duplicate-02/Indicator.svg,
contactus.html,Indicator,Indicator-03.svg,assets/images/contactus/Indicator-03.svg,3,assets/images/contactus/duplicate-03/Indicator.svg,
contactus.html,Indicator,Indicator-04.svg,assets/images/contactus/Indicator-04.svg,4,assets/images/contactus/duplicate-04/Indicator.svg,
contactus.html,Indicator,Indicator-05.svg,assets/images/contactus/Indicator-05.svg,5,assets/images/contactus/duplicate-05/Indicator.svg,
contactus.html,Indicator,Indicator-06.svg,assets/images/contactus/Indicator-06.svg,6,assets/images/contactus/duplicate-06/Indicator.svg,
contactus.html,Indicator,Indicator-07.svg,assets/images/contactus/Indicator-07.svg,7,assets/images/contactus/duplicate-07/Indicator.svg,
contactus.html,Indicator,Indicator-08.svg,assets/images/contactus/Indicator-08.svg,8,assets/images/contactus/duplicate-08/Indicator.svg,
contactus.html,Indicator,Indicator-09.svg,assets/images/contactus/Indicator-09.svg,9,assets/images/contactus/duplicate-09/Indicator.svg,
contactus.html,Indicator,Indicator-10.svg,assets/images/contactus/Indicator-10.svg,10,assets/images/contactus/duplicate-10/Indicator.svg,
contactus.html,T_Logo_Light 1,T_Logo_Light 1.png,assets/images/contactus/T_Logo_Light 1.png,,assets/images/contactus/T_Logo_Light 1.png,Talentika
contactus.html,GCC_Icon_1 1,GCC_Icon_1 1.png,assets/images/contactus/GCC_Icon_1 1.png,,assets/images/contactus/GCC_Icon_1 1.png,GCC
contactus.html,RPO_Icon_1 1,RPO_Icon_1 1.png,assets/images/contactus/RPO_Icon_1 1.png,,assets/images/contactus/RPO_Icon_1 1.png,RPO
contactus.html,AI_Icon_1 1,AI_Icon_1 1.png,assets/images/contactus/AI_Icon_1 1.png,,assets/images/contactus/AI_Icon_1 1.png,AI
contactus.html,instagram 1,instagram 1.png,assets/images/contactus/instagram 1.png,,assets/images/contactus/instagram 1.png,Instagram
contactus.html,LinkedIn 1,LinkedIn 1.png,assets/images/contactus/LinkedIn 1.png,,assets/images/contactus/LinkedIn 1.png,LinkedIn
contactus.html,Facebook 1,Facebook 1.png,assets/images/contactus/Facebook 1.png,,assets/images/contactus/Facebook 1.png,Facebook
contactus.html,X 1,X 1.png,assets/images/contactus/X 1.png,,assets/images/contactus/X 1.png,X
contactus.html,Deebug_Logo 1,Deebug_Logo 1.png,assets/images/contactus/Deebug_Logo 1.png,,assets/images/contactus/Deebug_Logo 1.png,Deebug
contactus.html,GCC_Mixer_Logo 2,GCC_Mixer_Logo 2.png,assets/images/contactus/GCC_Mixer_Logo 2.png,,assets/images/contactus/GCC_Mixer_Logo 2.png,GCC Mixer
contactus.html,AI_Base_Camp_Logo 2,AI_Base_Camp_Logo 2.png,assets/images/contactus/AI_Base_Camp_Logo 2.png,,assets/images/contactus/AI_Base_Camp_Logo 2.png,AI Basecamp
contactus.html,Layer_3,Layer_3.svg,assets/images/contactus/Layer_3.svg,,assets/images/contactus/Layer_3.svg,
